{"cameraMode":{"drawMode":0,"name":"Shaded","section":"Shading Mode"},"sceneLighting":true,"audioPlay":false,"sceneViewState":{"showFog":true,"showMaterialUpdate":false,"showSkybox":true,"showFlares":true,"showImageEffects":true,"showParticleSystems":true},"in2DMode":false,"pivot":{"x":50.323158264160159,"y":41.87009811401367,"z":-32.44768524169922},"rotation":{"x":-0.46980398893356326,"y":-0.11668100208044052,"z":0.06280860304832459,"w":-0.8727685809135437},"size":29.938961029052736,"orthographic":false}